{
    "Ar36": {
        "error": 0.00029739492621716295, 
        "filter_outliers_dict": {
            "filter_outliers": true, 
            "iterations": 1, 
            "std_devs": 2
        }, 
        "fit": "Parabolic", 
        "value": 0.01781745860579376
    }, 
    "Ar37": {
        "error": 0.004717767663124664, 
        "filter_outliers_dict": {
            "filter_outliers": true, 
            "iterations": 1, 
            "std_devs": 2
        }, 
        "fit": "linear", 
        "value": 0.026245939441406935
    }, 
    "Ar38": {
        "error": 0.002160590058704662, 
        "filter_outliers_dict": {
            "filter_outliers": true, 
            "iterations": 1, 
            "std_devs": 2
        }, 
        "fit": "linear", 
        "value": 0.08886710846589509
    }, 
    "Ar39": {
        "error": 0.009155891827623872, 
        "filter_outliers_dict": {
            "filter_outliers": true, 
            "iterations": 1, 
            "std_devs": 2
        }, 
        "fit": "Parabolic", 
        "value": 7.455491469407436
    }, 
    "Ar40": {
        "error": 0.0473782759898222, 
        "filter_outliers_dict": {
            "filter_outliers": true, 
            "iterations": 1, 
            "std_devs": 2
        }, 
        "fit": "Parabolic", 
        "value": 1340.232498180627
    }, 
    "Ar41": {
        "error": 0.008288743694356818, 
        "filter_outliers_dict": {
            "filter_outliers": true, 
            "iterations": 1, 
            "std_devs": 2
        }, 
        "fit": "linear", 
        "value": -0.019545763926692574
    }
}